sub_id,turf_id,coop,state,species,common_name_spanish,scientific_name,common_name_english,aphia_id
9_1,MX_C_009,S.C.P.P. 19 DE SEPTIEMBRE,BC,ABULON (Haliotis spp.),ABULON,Haliotis cracherodii,Black Abalone,405012
9_1,MX_C_009,S.C.P.P. 19 DE SEPTIEMBRE,BC,ABULON (Haliotis spp.),ABULON,Haliotis corrugata,Pink Abalone,445308
9_1,MX_C_009,S.C.P.P. 19 DE SEPTIEMBRE,BC,ABULON (Haliotis spp.),ABULON,Haliotis fulgens,Green Abalone,445325
9_1,MX_C_009,S.C.P.P. 19 DE SEPTIEMBRE,BC,ABULON (Haliotis spp.),ABULON,Haliotis rufescens,Red Abalone,445357
9_1,MX_C_009,S.C.P.P. 19 DE SEPTIEMBRE,BC,ABULON (Haliotis spp.),ABULON,Haliotis sorenseni,White Abalone,445362
9_1,MX_C_009,S.C.P.P. 19 DE SEPTIEMBRE,BC,LANGOSTA (Panulirus spp.),LANGOSTA,Panulirus spp.,Lobster,107060
9_1,MX_C_009,S.C.P.P. 19 DE SEPTIEMBRE,BC,ALMEJA PISMO (Tlvela stuitorum),ALMEJA PISMO,Tivela stultorum,Pismo Clam,367761
9_1,MX_C_009,S.C.P.P. 19 DE SEPTIEMBRE,BC,ALMEJA PATA DE MULA,ALMEJA PATA DE MULA,Anadara tuberculosa,Black Ark Clam,504313
7_33,MX_C_007,AGARMEX,BC,SARGAZO ROJO (Gelidium robustum),SARGAZO ROJO,Gelidium robustum,Red Algae,372718
7_32,MX_C_007,AGARMEX,BC,SARGAZO ROJO (Gelidium robustum),SARGAZO ROJO,Gelidium robustum,Red Algae,372718
7_31,MX_C_007,AGARMEX,BC,SARGAZO ROJO (Gelidium robustum),SARGAZO ROJO,Gelidium robustum,Red Algae,372718
7_3,MX_C_007,AGARMEX,BC,SARGAZO ROJO (Gelidium robustum),SARGAZO ROJO,Gelidium robustum,Red Algae,372718
7_3,MX_C_007,AGARMEX,BC,SARGAZO ROJO (Gelidium robustum),SARGAZO ROJO,Gelidium robustum,Red Algae,372718
7_29,MX_C_007,AGARMEX,BC,SARGAZO ROJO (Gelidium robustum),SARGAZO ROJO,Gelidium robustum,Red Algae,372718
7_28,MX_C_007,AGARMEX,BC,SARGAZO ROJO (Gelidium robustum),SARGAZO ROJO,Gelidium robustum,Red Algae,372718
7_2,MX_C_007,AGARMEX,BC,SARGAZO ROJO (Gelidium robustum),SARGAZO ROJO,Gelidium robustum,Red Algae,372718
7_2,MX_C_007,AGARMEX,BC,SARGAZO ROJO (Gelidium robustum),SARGAZO ROJO,Gelidium robustum,Red Algae,372718
7_14,MX_C_007,AGARMEX,BC,SARGAZO ROJO (Gelidium robustum),SARGAZO ROJO,Gelidium robustum,Red Algae,372718
8_1,MX_C_008,S.C.P.P. COLONIA VICENTE GUERRERO,BC,ALMEJA PISMO (Tlvela stuítorum),ALMEJA PISMO,Tivela stultorum,Pismo Clam,367761
7_13,MX_C_007,AGARMEX,BC,SARGAZO ROJO (Gelidium robustum),SARGAZO ROJO,Gelidium robustum,Red Algae,372718
7_12,MX_C_007,AGARMEX,BC,SARGAZO ROJO (Gelidium robustum),SARGAZO ROJO,Gelidium robustum,Red Algae,372718
7_11,MX_C_007,AGARMEX,BC,SARGAZO ROJO (Gelidium robustum),SARGAZO ROJO,Gelidium robustum,Red Algae,372718
7_1,MX_C_007,AGARMEX,BC,SARGAZO ROJO (Gelidium robustum),SARGAZO ROJO,Gelidium robustum,Red Algae,372718
7_1,MX_C_007,AGARMEX,BC,SARGAZO ROJO (Gelidium robustum),SARGAZO ROJO,Gelidium robustum,Red Algae,372718
2_3,MX_C_002,S.C.P.P. EL REMOLINO,BC,CAMARON DE ESTERO (Penaeus spp.),CAMARON DE ESTERO,Penaeus spp.,Shrimp,106822
52_4,MX_C_052,PRODUCTOS PESQUEROS DE BAHIA TORTUGAS,BC,ALGAS MARINAS (Gelidium),ALGAS MARINAS,Gelidium,Red Algae,144135
52_3,MX_C_052,PRODUCTOS PESQUEROS DE BAHIA TORTUGAS,BC,ALGAS MARINAS (Gelidium),ALGAS MARINAS,Gelidium,Red Algae,144135
52_2,MX_C_052,PRODUCTOS PESQUEROS DE BAHIA TORTUGAS,BC,ALGAS MARINAS (Gelidium),ALGAS MARINAS,Gelidium,Red Algae,144135
2_2,MX_C_002,S.C.P.P. EL REMOLINO,BC,CAMARON DE ESTERO (Penaeus spp.),CAMARON DE ESTERO,Penaeus spp.,Shrimp,106822
12_2,MX_C_012,S.C.P.P. EJIDO CORONEL ESTABAN CANTU,BC,ERIZO ROJO (Strongylocentrotus franclscanus),ERIZO ROJO,Mesocentrotus franciscanus,Red Sea Urchin,591102
12_2,MX_C_012,S.C.P.P. EJIDO CORONEL ESTABAN CANTU,BC,ERIZO MORADO (Strongylocentrotus pupuratus),ERIZO MORADO,Strongylocentrotus purpuratus,Purple Sea Urchin,240747
7_9,MX_C_007,AGARMEX,BC,SARGAZO ROJO (Gelidium robustum),SARGAZO ROJO,Gelidium robustum,Red Algae,372718
12_1,MX_C_012,S.C.P.P. EJIDO CORONEL ESTABAN CANTU,BC,ERIZO ROJO (Strongylocentrotus franclscanus),ERIZO ROJO,Mesocentrotus franciscanus,Red Sea Urchin,591102
12_1,MX_C_012,S.C.P.P. EJIDO CORONEL ESTABAN CANTU,BC,ERIZO MORADO (Strongylocentrotus pupuratus),ERIZO MORADO,Strongylocentrotus purpuratus,Purple Sea Urchin,240747
10_1,MX_C_010,SALVADOR VALENCIA MEDINA,BC,ERIZO ROJO (Strongylocentrotus franclscanus),ERIZO ROJO,Mesocentrotus franciscanus,Red Sea Urchin,591102
10_1,MX_C_010,SALVADOR VALENCIA MEDINA,BC,ERIZO MORADO (Strongylocentrotus pupuratus),ERIZO MORADO,Strongylocentrotus purpuratus,Purple Sea Urchin,240747
7_15,MX_C_007,AGARMEX,BC,SARGAZO ROJO (Gelidium robustum),SARGAZO ROJO,Gelidium robustum,Red Algae,372718
52_5,MX_C_052,PRODUCTOS PESQUEROS DE BAHIA TORTUGAS,BC,ALGAS MARINAS (Gelidium),ALGAS MARINAS,Gelidium,Red Algae,144135
7_7,MX_C_007,AGARMEX,BC,SARGAZO ROJO (Gelidium robustum),SARGAZO ROJO,Gelidium robustum,Red Algae,372718
7_6,MX_C_007,AGARMEX,BC,SARGAZO ROJO (Gelidium robustum),SARGAZO ROJO,Gelidium robustum,Red Algae,372718
7_5,MX_C_007,AGARMEX,BC,SARGAZO ROJO (Gelidium robustum),SARGAZO ROJO,Gelidium robustum,Red Algae,372718
7_36,MX_C_007,AGARMEX,BC,SARGAZO ROJO (Gelidium robustum),SARGAZO ROJO,Gelidium robustum,Red Algae,372718
7_35,MX_C_007,AGARMEX,BC,SARGAZO ROJO (Gelidium robustum),SARGAZO ROJO,Gelidium robustum,Red Algae,372718
7_34,MX_C_007,AGARMEX,BC,SARGAZO ROJO (Gelidium robustum),SARGAZO ROJO,Gelidium robustum,Red Algae,372718
25_1,MX_C_025,S.C.P.P. PUERTO SAN CARLOS,BCS,ABULON (Haliotis spp.),ABULON,Haliotis cracherodii,Black Abalone,405012
25_1,MX_C_025,S.C.P.P. PUERTO SAN CARLOS,BCS,ABULON (Haliotis spp.),ABULON,Haliotis corrugata,Pink Abalone,445308
25_1,MX_C_025,S.C.P.P. PUERTO SAN CARLOS,BCS,ABULON (Haliotis spp.),ABULON,Haliotis fulgens,Green Abalone,445325
25_1,MX_C_025,S.C.P.P. PUERTO SAN CARLOS,BCS,ABULON (Haliotis spp.),ABULON,Haliotis rufescens,Red Abalone,445357
25_1,MX_C_025,S.C.P.P. PUERTO SAN CARLOS,BCS,ABULON (Haliotis spp.),ABULON,Haliotis sorenseni,White Abalone,445362
24_1,MX_C_024,S.C.P.P. PESCADORES DE LA POZA,BCS,ABULON AZUL (Haliotis flugens),ABULON AZUL,Haliotis fulgens,Green Abalone,445325
24_1,MX_C_024,S.C.P.P. PESCADORES DE LA POZA,BCS,ABULON AMARILLO (Haliotis corrugata),ABULON AMARILLO,Haliotis corrugata,Pink Abalone,445308
24_1,MX_C_024,S.C.P.P. PESCADORES DE LA POZA,BCS,LANGOSTA ROJA (Panuliru interruptus),LANGOSTA ROJA,Panulirus interruptus,California Spiny Lobster,382898
24_1,MX_C_024,S.C.P.P. PESCADORES DE LA POZA,BCS,LANGOSTA AZUL (Panulirus inflatus),LANGOSTA AZUL,Panulirus inflatus,Blue Spiny Lobster,382897
22_1,MX_C_022,S.C.P.P. GENERAL MELITON ALBAÑEZ,BCS,ABULON (Haliotis spp.),ABULON,Haliotis cracherodii,Black Abalone,405012
22_1,MX_C_022,S.C.P.P. GENERAL MELITON ALBAÑEZ,BCS,ABULON (Haliotis spp.),ABULON,Haliotis corrugata,Pink Abalone,445308
22_1,MX_C_022,S.C.P.P. GENERAL MELITON ALBAÑEZ,BCS,ABULON (Haliotis spp.),ABULON,Haliotis fulgens,Green Abalone,445325
22_1,MX_C_022,S.C.P.P. GENERAL MELITON ALBAÑEZ,BCS,ABULON (Haliotis spp.),ABULON,Haliotis rufescens,Red Abalone,445357
22_1,MX_C_022,S.C.P.P. GENERAL MELITON ALBAÑEZ,BCS,ABULON (Haliotis spp.),ABULON,Haliotis sorenseni,White Abalone,445362
22_1,MX_C_022,S.C.P.P. GENERAL MELITON ALBAÑEZ,BCS,OSTION DE ROCA (Crassostrea iridescens),OSTION DE ROCA,Striostrea prismatica,Rock Oyster,506739
22_1,MX_C_022,S.C.P.P. GENERAL MELITON ALBAÑEZ,BCS,CARACOL BURRO (Melongena Patula),CARACOL BURRO,Melongena patula,Pacific Crown Conch,567144
18_1,MX_C_018,S.C.P.P. EMANCIPACION,BCS,ABULON (Haliotis spp.),ABULON,Haliotis cracherodii,Black Abalone,405012
18_1,MX_C_018,S.C.P.P. EMANCIPACION,BCS,ABULON (Haliotis spp.),ABULON,Haliotis corrugata,Pink Abalone,445308
18_1,MX_C_018,S.C.P.P. EMANCIPACION,BCS,ABULON (Haliotis spp.),ABULON,Haliotis fulgens,Green Abalone,445325
18_1,MX_C_018,S.C.P.P. EMANCIPACION,BCS,ABULON (Haliotis spp.),ABULON,Haliotis rufescens,Red Abalone,445357
18_1,MX_C_018,S.C.P.P. EMANCIPACION,BCS,ABULON (Haliotis spp.),ABULON,Haliotis sorenseni,White Abalone,445362
18_1,MX_C_018,S.C.P.P. EMANCIPACION,BCS,CARACOL PANOCHA,CARACOL PANOCHA,Megastraea undosa,Wavy Turban Snail,528084
18_1,MX_C_018,S.C.P.P. EMANCIPACION,BCS,CANGREJO,CANGREJO,NA,NA,NA
18_1,MX_C_018,S.C.P.P. EMANCIPACION,BCS,SARGAZO ROJO (Gelidium robustum),SARGAZO ROJO,Gelidium robustum,Red Algae,372718
18_1,MX_C_018,S.C.P.P. EMANCIPACION,BCS,PEPINO DE MAR,PEPINO DE MAR,Apostichopus parvimensis,Warty Sea Cucumber,529435
18_1,MX_C_018,S.C.P.P. EMANCIPACION,BCS,PEPINO DE MAR,PEPINO DE MAR,Holothuria (Cystipus) inhabilis,White Sea Cucumber,241825
18_1,MX_C_018,S.C.P.P. EMANCIPACION,BCS,PEPINO DE MAR,PEPINO DE MAR,Holothuria (Thymiosycia) impatiens,Sea Cucumber,125185
31_1,MX_C_031,S.C.P.P. CALIFORNIA DE SAN IGNACIO,BCS,ABULON (Haliotis spp.),ABULON,Haliotis cracherodii,Black Abalone,405012
31_1,MX_C_031,S.C.P.P. CALIFORNIA DE SAN IGNACIO,BCS,ABULON (Haliotis spp.),ABULON,Haliotis corrugata,Pink Abalone,445308
31_1,MX_C_031,S.C.P.P. CALIFORNIA DE SAN IGNACIO,BCS,ABULON (Haliotis spp.),ABULON,Haliotis fulgens,Green Abalone,445325
31_1,MX_C_031,S.C.P.P. CALIFORNIA DE SAN IGNACIO,BCS,ABULON (Haliotis spp.),ABULON,Haliotis rufescens,Red Abalone,445357
31_1,MX_C_031,S.C.P.P. CALIFORNIA DE SAN IGNACIO,BCS,ABULON (Haliotis spp.),ABULON,Haliotis sorenseni,White Abalone,445362
31_1,MX_C_031,S.C.P.P. CALIFORNIA DE SAN IGNACIO,BCS,CARACOL PANOCHA,CARACOL PANOCHA,Megastraea undosa,Wavy Turban Snail,528084
31_1,MX_C_031,S.C.P.P. CALIFORNIA DE SAN IGNACIO,BCS,CANGREJO,CANGREJO,NA,NA,NA
31_1,MX_C_031,S.C.P.P. CALIFORNIA DE SAN IGNACIO,BCS,SARGAZO ROJO (Gelidium robustum),SARGAZO ROJO,Gelidium robustum,Red Algae,372718
31_1,MX_C_031,S.C.P.P. CALIFORNIA DE SAN IGNACIO,BCS,PEPINO DE MAR,PEPINO DE MAR,Apostichopus parvimensis,Warty Sea Cucumber,529435
31_1,MX_C_031,S.C.P.P. CALIFORNIA DE SAN IGNACIO,BCS,PEPINO DE MAR,PEPINO DE MAR,Holothuria (Cystipus) inhabilis,White Sea Cucumber,241825
31_1,MX_C_031,S.C.P.P. CALIFORNIA DE SAN IGNACIO,BCS,PEPINO DE MAR,PEPINO DE MAR,Holothuria (Thymiosycia) impatiens,Sea Cucumber,125185
31_1,MX_C_031,S.C.P.P. CALIFORNIA DE SAN IGNACIO,BCS,PULPO,PULPO,Octopus vulgaris,Common Octopus,140605
32_1,MX_C_032,S.C.P.P. LEYES DE REFORMA,BCS,ABULON (Haliotis spp.),ABULON,Haliotis cracherodii,Black Abalone,405012
32_1,MX_C_032,S.C.P.P. LEYES DE REFORMA,BCS,ABULON (Haliotis spp.),ABULON,Haliotis corrugata,Pink Abalone,445308
32_1,MX_C_032,S.C.P.P. LEYES DE REFORMA,BCS,ABULON (Haliotis spp.),ABULON,Haliotis fulgens,Green Abalone,445325
32_1,MX_C_032,S.C.P.P. LEYES DE REFORMA,BCS,ABULON (Haliotis spp.),ABULON,Haliotis rufescens,Red Abalone,445357
32_1,MX_C_032,S.C.P.P. LEYES DE REFORMA,BCS,ABULON (Haliotis spp.),ABULON,Haliotis sorenseni,White Abalone,445362
32_1,MX_C_032,S.C.P.P. LEYES DE REFORMA,BCS,CARACOL PANOCHA,CARACOL PANOCHA,Megastraea undosa,Wavy Turban Snail,528084
32_1,MX_C_032,S.C.P.P. LEYES DE REFORMA,BCS,CANGREJO,CANGREJO,NA,NA,NA
32_1,MX_C_032,S.C.P.P. LEYES DE REFORMA,BCS,SARGAZO ROJO (Gelidium robustum),SARGAZO ROJO,Gelidium robustum,Red Algae,372718
32_1,MX_C_032,S.C.P.P. LEYES DE REFORMA,BCS,PEPINO DE MAR,PEPINO DE MAR,Apostichopus parvimensis,Warty Sea Cucumber,529435
32_1,MX_C_032,S.C.P.P. LEYES DE REFORMA,BCS,PEPINO DE MAR,PEPINO DE MAR,Holothuria (Cystipus) inhabilis,White Sea Cucumber,241825
32_1,MX_C_032,S.C.P.P. LEYES DE REFORMA,BCS,PEPINO DE MAR,PEPINO DE MAR,Holothuria (Thymiosycia) impatiens,Sea Cucumber,125185
32_1,MX_C_032,S.C.P.P. LEYES DE REFORMA,BCS,PULPO,PULPO,Octopus vulgaris,Common Octopus,140605
29_1,MX_C_029,S.C.P.P. EJIDAL CADEJE,BCS,ABULON (Haliotis spp.),ABULON,Haliotis cracherodii,Black Abalone,405012
29_1,MX_C_029,S.C.P.P. EJIDAL CADEJE,BCS,ABULON (Haliotis spp.),ABULON,Haliotis corrugata,Pink Abalone,445308
29_1,MX_C_029,S.C.P.P. EJIDAL CADEJE,BCS,ABULON (Haliotis spp.),ABULON,Haliotis fulgens,Green Abalone,445325
29_1,MX_C_029,S.C.P.P. EJIDAL CADEJE,BCS,ABULON (Haliotis spp.),ABULON,Haliotis rufescens,Red Abalone,445357
29_1,MX_C_029,S.C.P.P. EJIDAL CADEJE,BCS,ABULON (Haliotis spp.),ABULON,Haliotis sorenseni,White Abalone,445362
29_1,MX_C_029,S.C.P.P. EJIDAL CADEJE,BCS,ALMEJA PISMO (Tlvela stuitorum),ALMEJA PISMO,Tivela stultorum,Pismo Clam,367761
29_1,MX_C_029,S.C.P.P. EJIDAL CADEJE,BCS,CARACOL PANOCHA,CARACOL PANOCHA,Megastraea undosa,Wavy Turban Snail,528084
27_1,MX_C_027,S.C.P.P. PUNTA LOBOS,BCS,LANGOSTA ROJA (Panuliru interruptus),LANGOSTA ROJA,Panulirus interruptus,California Spiny Lobster,382898
27_1,MX_C_027,S.C.P.P. PUNTA LOBOS,BCS,LANGOSTA AZUL (Panulirus inflatus),LANGOSTA AZUL,Panulirus inflatus,Blue Spiny Lobster,382897
27_1,MX_C_027,S.C.P.P. PUNTA LOBOS,BCS,OSTION DE ROCA (Crassostrea iridescens),OSTION DE ROCA,Striostrea prismatica,Rock Oyster,506739
26_1,MX_C_026,S.C.P.P. TODOS SANTOS,BCS,LANGOSTA VERDE (Panulirus gracilis),LANGOSTA VERDE,Panulirus gracilis,Green Spiny Lobster,382895
26_1,MX_C_026,S.C.P.P. TODOS SANTOS,BCS,LANGOSTA AZUL (Panulirus inflatus),LANGOSTA AZUL,Panulirus inflatus,Blue Spiny Lobster,382897
26_1,MX_C_026,S.C.P.P. TODOS SANTOS,BCS,OSTION DE ROCA (Crassostrea iridescens),OSTION DE ROCA,Striostrea prismatica,Rock Oyster,506739
57_1,MX_C_057,S.C.P.P. PUNTA DE MACABIL,CH,CAMARON DE ESTERO (Penaeus spp.),CAMARON DE ESTERO,Penaeus spp.,Shrimp,106822
46_1,MX_C_046,S.C.P.P. BARRITA DE  PAJON,CH,CAMARON DE ESTERO (Penaeus spp.),CAMARON DE ESTERO,Penaeus spp.,Shrimp,106822
45_1,MX_C_045,S.C.P.P. UNION Y TRABAJO,CH,CAMARON DE ESTERO (Penaeus spp.),CAMARON DE ESTERO,Penaeus spp.,Shrimp,106822
44_1,MX_C_044,S.C.P.P. PESCADORES DE AGUA TENDIDA,CH,CAMARON DE ESTERO (Penaeus spp.),CAMARON DE ESTERO,Penaeus spp.,Shrimp,106822
43_1,MX_C_043,S.C.P.P. EL CARRIZAL,CH,CAMARON DE ESTERO (Penaeus spp.),CAMARON DE ESTERO,Penaeus spp.,Shrimp,106822
41_1,MX_C_041,S.C.P.P. ARCHIPIELAGO,CH,CAMARON CAFE (Penaeus aztecus),CAMARON CAFE,Penaeus aztecus,Brown Shrimp,1809216
41_1,MX_C_041,S.C.P.P. ARCHIPIELAGO,CH,CAMARON BLANCO (Penaeus vannamei),CAMARON BLANCO,Penaeus vannamei,Pacific White Shrimp,1809212
41_1,MX_C_041,S.C.P.P. ARCHIPIELAGO,CH,CAMARON AZUL (Litopenaeus stylirostris),CAMARON AZUL,Penaeus stylirostris,Blue Shrimp,584982
41_1,MX_C_041,S.C.P.P. ARCHIPIELAGO,CH,ESCAMA ESTUARINA,ESCAMA ESTUARINA,NA,NA,NA
4_1,MX_C_004,S.C.P.P. BUENAVISTA,CH,CAMARON DE ESTERO (Penaeus spp.),CAMARON DE ESTERO,Penaeus spp.,Shrimp,106822
39_1,MX_C_039,S.C.P.P. GENERAL HERIBERTO JARA,CH,CAMARON CAFE (Penaeus aztecus),CAMARON CAFE,Penaeus aztecus,Brown Shrimp,1809216
55_1,MX_C_055,S.C.P.P. EL TULE,CH,CAMARON DE ESTERO (Penaeus spp.),CAMARON DE ESTERO,Penaeus spp.,Shrimp,106822
37_1,MX_C_037,S.C.P.P. LA PALMA,CH,CAMARON CAFE (Penaeus aztecus),CAMARON CAFE,Penaeus aztecus,Brown Shrimp,1809216
37_1,MX_C_037,S.C.P.P. LA PALMA,CH,CAMARON BLANCO (Penaeus vannamei),CAMARON BLANCO,Penaeus vannamei,Pacific White Shrimp,1809212
37_1,MX_C_037,S.C.P.P. LA PALMA,CH,CAMARON AZUL (Litopenaeus stylirostris),CAMARON AZUL,Penaeus stylirostris,Blue Shrimp,584982
37_1,MX_C_037,S.C.P.P. LA PALMA,CH,ESCAMA ESTUARINA,ESCAMA ESTUARINA,NA,NA,NA
36_1,MX_C_036,S.C.P.P. PUNTA DE ZANATE,CH,CAMARON DE ESTERO (Penaeus spp.),CAMARON DE ESTERO,Penaeus spp.,Shrimp,106822
35_1,MX_C_035,S.C.P.P. BAHIA BOCA DEL CIELO,CH,CAMARON DE ESTERO (Penaeus spp.),CAMARON DE ESTERO,Penaeus spp.,Shrimp,106822
34_1,MX_C_034,S.C.P.P. GENERAL GUADALUPE VICTORIA,CH,CAMARON DE ESTERO (Penaeus spp.),CAMARON DE ESTERO,Penaeus spp.,Shrimp,106822
33_1,MX_C_033,S.C.P.P. SAN LUQUEÑO,CH,CAMARON DE ESTERO (Penaeus spp.),CAMARON DE ESTERO,Penaeus spp.,Shrimp,106822
3_1,MX_C_003,S.C.P.P. BARRA DE ZACAPULCO,CH,CAMARON CAFE (Penaeus aztecus),CAMARON CAFE,Penaeus aztecus,Brown Shrimp,1809216
3_1,MX_C_003,S.C.P.P. BARRA DE ZACAPULCO,CH,CAMARON BLANCO (Penaeus vannamei),CAMARON BLANCO,Penaeus vannamei,Pacific White Shrimp,1809212
3_1,MX_C_003,S.C.P.P. BARRA DE ZACAPULCO,CH,CAMARON AZUL (Litopenaeus stylirostris),CAMARON AZUL,Penaeus stylirostris,Blue Shrimp,584982
3_1,MX_C_003,S.C.P.P. BARRA DE ZACAPULCO,CH,ESCAMA GENERAL,ESCAMA GENERAL,NA,NA,NA
2_1,MX_C_002,S.C.P.P. EL REMOLINO,CH,CAMARON DE ESTERO (Penaeus spp.),CAMARON DE ESTERO,Penaeus spp.,Shrimp,106822
40_1,MX_C_040,S.C.P.P. PUNTA DE ZANATE,CH,CAMARON DE ESTERO (Penaeus spp.),CAMARON DE ESTERO,Penaeus spp.,Shrimp,106822
54_1,MX_C_054,S.C.P.P. PESCADORES DE HUIZACHAL,CH,CAMARON DE ESTERO (Penaeus spp.),CAMARON DE ESTERO,Penaeus spp.,Shrimp,106822
52_1,MX_C_052,S.C.P.P. ACUACULTURA TECNICA DE PIJIJIAPAN,CH,CAMARON DE ESTERO (Penaeus spp.),CAMARON DE ESTERO,Penaeus spp.,Shrimp,106822
51_1,MX_C_051,S.C.P.P. EFRAIN VAZQUEZ RAMOS,CH,CAMARON CAFE (Penaeus aztecus),CAMARON CAFE,Penaeus aztecus,Brown Shrimp,1809216
51_1,MX_C_051,S.C.P.P. EFRAIN VAZQUEZ RAMOS,CH,CAMARON BLANCO (Penaeus vannamei),CAMARON BLANCO,Penaeus vannamei,Pacific White Shrimp,1809212
51_1,MX_C_051,S.C.P.P. EFRAIN VAZQUEZ RAMOS,CH,CAMARON AZUL (Litopenaeus stylirostris),CAMARON AZUL,Penaeus stylirostris,Blue Shrimp,584982
51_1,MX_C_051,S.C.P.P. EFRAIN VAZQUEZ RAMOS,CH,ESCAMA ESTUARINA,ESCAMA ESTUARINA,NA,NA,NA
50_1,MX_C_050,S.C.P.P. AGOSTADEROS DEL TOPON,CH,CAMARON DE ESTERO (Penaeus spp.),CAMARON DE ESTERO,Penaeus spp.,Shrimp,106822
47_1,MX_C_047,S.C.P.P. LAS BRISAS DE PIJIJIAPAN,CH,CAMARON CAFE (Penaeus aztecus),CAMARON CAFE,Penaeus aztecus,Brown Shrimp,1809216
47_1,MX_C_047,S.C.P.P. LAS BRISAS DE PIJIJIAPAN,CH,CAMARON BLANCO (Penaeus vannamei),CAMARON BLANCO,Penaeus vannamei,Pacific White Shrimp,1809212
47_1,MX_C_047,S.C.P.P. LAS BRISAS DE PIJIJIAPAN,CH,CAMARON AZUL (Litopenaeus stylirostris),CAMARON AZUL,Penaeus stylirostris,Blue Shrimp,584982
47_1,MX_C_047,S.C.P.P. LAS BRISAS DE PIJIJIAPAN,CH,ESCAMA ESTUARINA,ESCAMA ESTUARINA,NA,NA,NA
60_1,MX_C_060,S.C.P.P. LA CRUZ DE LORETO,JAL,CAMARON DE ESTERO (Penaeus spp.),CAMARON DE ESTERO,Penaeus spp.,Shrimp,106822
60_1,MX_C_060,S.C.P.P. LA CRUZ DE LORETO,JAL,JAIBA (Callinectes spp),JAIBA,Callinectes spp.,Swimming Crab,106921
60_1,MX_C_060,S.C.P.P. LA CRUZ DE LORETO,JAL,ESCAMA GENERAL,ESCAMA GENERAL,NA,NA,NA
66_1,MX_C_066,S.C.P.P. POR LA JUSTICIA SOCIAL,QR,LANGOSTA DEL CARIBE (Panulirus argus),LANGOSTA DEL CARIBE,Panulirus argus,Caribbean Spiny Lobster,382891
65_1,MX_C_065,S.C.P.P. VANGUARDIA DEL MAR,QR,LANGOSTA DEL CARIBE (Panulirus argus),LANGOSTA DEL CARIBE,Panulirus argus,Caribbean Spiny Lobster,382891
68_1,MX_C_068,S.C.P.P. PESCADORES DE TULUM,QR,LANGOSTA DEL CARIBE (Panulirus argus),LANGOSTA DEL CARIBE,Panulirus argus,Caribbean Spiny Lobster,382891
67_1,MX_C_067,S.C.P.P. PESCADORES DE PUERTO MORELOS,QR,LANGOSTA DEL CARIBE (Panulirus argus),LANGOSTA DEL CARIBE,Panulirus argus,Caribbean Spiny Lobster,382891
64_1,MX_C_064,S.C.P.P. LANGOSTEROS DEL CARIBE,QR,LANGOSTA DEL CARIBE (Panulirus argus),LANGOSTA DEL CARIBE,Panulirus argus,Caribbean Spiny Lobster,382891
63_1,MX_C_063,S.C.P.P. JOSE MARIA AZCORRA,QR,LANGOSTA DEL CARIBE (Panulirus argus),LANGOSTA DEL CARIBE,Panulirus argus,Caribbean Spiny Lobster,382891
62_1,MX_C_062,S.C.P.P. PESCADORES DE VIGIA CHICO,QR,LANGOSTA DEL CARIBE (Panulirus argus),LANGOSTA DEL CARIBE,Panulirus argus,Caribbean Spiny Lobster,382891
61_1,MX_C_061,S.C.P.P. COZUMEL,QR,LANGOSTA DEL CARIBE (Panulirus argus),LANGOSTA DEL CARIBE,Panulirus argus,Caribbean Spiny Lobster,382891
98_1,MX_C_098,S.C.P.P. EUSEBIO SANCHEZ,SIN,CAMARON DE ESTERO (Penaeus spp.),CAMARON DE ESTERO,Penaeus spp.,Shrimp,106822
89_1,MX_C_089,S.C.P.P. JOSE CUSTODIO MACHADO,SIN,CAMARON DE ESTERO (Penaeus spp.),CAMARON DE ESTERO,Penaeus spp.,Shrimp,106822
88_1,MX_C_088,S.C.P.P. ISLA DE SAN IGNACIO,SIN,CAMARON DE ESTERO (Penaeus spp.),CAMARON DE ESTERO,Penaeus spp.,Shrimp,106822
86_1,MX_C_086,S.C.P.P. TATA LAZARO CARDENAS,SIN,CAMARON DE ESTERO (Penaeus spp.),CAMARON DE ESTERO,Penaeus spp.,Shrimp,106822
85_1,MX_C_085,S.C.P.P. ATARRAYEROS CECEISTAS,SIN,CAMARON DE ESTERO (Penaeus spp.),CAMARON DE ESTERO,Penaeus spp.,Shrimp,106822
83_1,MX_C_083,S.C.P.P. GERMINAL ARAMBURO CRISTERNA,SIN,CAMARON DE ESTERO (Penaeus spp.),CAMARON DE ESTERO,Penaeus spp.,Shrimp,106822
82_1,MX_C_082,S.C.P.P. TRIUNFO PESQUERO DE PALMILLAS,SIN,CAMARON DE ESTERO (Penaeus spp.),CAMARON DE ESTERO,Penaeus spp.,Shrimp,106822
81_1,MX_C_081,S.C.P.P. GENERAL LAZARO CARDENAS,SIN,CAMARON DE ESTERO (Penaeus spp.),CAMARON DE ESTERO,Penaeus spp.,Shrimp,106822
80_1,MX_C_080,S.C.P.P. SUR DE SINALOA,SIN,CAMARON DE ESTERO (Penaeus spp.),CAMARON DE ESTERO,Penaeus spp.,Shrimp,106822
78_1,MX_C_078,S.C.P.P. JOSE LUIS CASTRO VERDUZCO,SIN,CAMARON DE ESTERO (Penaeus spp.),CAMARON DE ESTERO,Penaeus spp.,Shrimp,106822
97_1,MX_C_097,S.C.P.P. HORACIO FIERRO LOPEZ,SIN,CAMARON DE ESTERO (Penaeus spp.),CAMARON DE ESTERO,Penaeus spp.,Shrimp,106822
76_1,MX_C_076,S.C.P.P. PESCADORES DE LA BAHIA DE CEUTA,SIN,CAMARON DE ESTERO (Penaeus spp.),CAMARON DE ESTERO,Penaeus spp.,Shrimp,106822
75_1,MX_C_075,S.C.P.P. BOCA DEL RIO SAN LORENZO,SIN,CAMARON DE ESTERO (Penaeus spp.),CAMARON DE ESTERO,Penaeus spp.,Shrimp,106822
74_1,MX_C_074,S.C.P.P. BAHIA DEL COLORADO,SIN,CAMARON DE ESTERO (Penaeus spp.),CAMARON DE ESTERO,Penaeus spp.,Shrimp,106822
73_1,MX_C_073,S.C.P.P. COSPITA,SIN,CAMARON DE ESTERO (Penaeus spp.),CAMARON DE ESTERO,Penaeus spp.,Shrimp,106822
72_1,MX_C_072,S.C.P.P. PESCADORES DE LA CRUZ,SIN,CAMARON DE ESTERO (Penaeus spp.),CAMARON DE ESTERO,Penaeus spp.,Shrimp,106822
71_1,MX_C_071,S.C.P.P. GENERAL ANGEL FLORES,SIN,CAMARON DE ESTERO (Penaeus spp.),CAMARON DE ESTERO,Penaeus spp.,Shrimp,106822
70_1,MX_C_070,S.C.P.P. GENERAL RAFAEL BUELNA,SIN,CAMARON DE ESTERO (Penaeus spp.),CAMARON DE ESTERO,Penaeus spp.,Shrimp,106822
69_1,MX_C_069,S.C.P.P. GENERAL MACARIO GAXIOLA,SIN,CAMARON DE ESTERO (Penaeus spp.),CAMARON DE ESTERO,Penaeus spp.,Shrimp,106822
189_1,MX_C_189,S.C.P.P. CERRO DE SAN CARLOS,SIN,CAMARON DE ESTERO (Penaeus spp.),CAMARON DE ESTERO,Penaeus spp.,Shrimp,106822
188_1,MX_C_188,S.C.P.P. REVOLUCION SOCIAL,SIN,CAMARON DE ESTERO (Penaeus spp.),CAMARON DE ESTERO,Penaeus spp.,Shrimp,106822
96_1,MX_C_096,S.C.P.P. CERRO DE TEROME,SIN,CAMARON DE ESTERO (Penaeus spp.),CAMARON DE ESTERO,Penaeus spp.,Shrimp,106822
187_1,MX_C_187,S.C.P.P. SEBASTIAN AHUMADA VALDEZ,SIN,CAMARON DE ESTERO (Penaeus spp.),CAMARON DE ESTERO,Penaeus spp.,Shrimp,106822
186_1,MX_C_186,S.C.P.P. PESCADORES UNIDOS DEL MABIRI,SIN,CAMARON DE ESTERO (Penaeus spp.),CAMARON DE ESTERO,Penaeus spp.,Shrimp,106822
185_1,MX_C_185,S.C.P.P. CERRO LA TUNOSA,SIN,CAMARON DE ESTERO (Penaeus spp.),CAMARON DE ESTERO,Penaeus spp.,Shrimp,106822
184_1,MX_C_184,S.C.P.P. BACHOMO,SIN,CAMARON DE ESTERO (Penaeus spp.),CAMARON DE ESTERO,Penaeus spp.,Shrimp,106822
183_1,MX_C_183,S.C.P.P. EUSTAQUIO URIAS VALDEZ,SIN,CAMARON DE ESTERO (Penaeus spp.),CAMARON DE ESTERO,Penaeus spp.,Shrimp,106822
182_1,MX_C_182,S.C.P.P. INDUSTRIAL DEL NORTE,SIN,CAMARON DE ESTERO (Penaeus spp.),CAMARON DE ESTERO,Penaeus spp.,Shrimp,106822
181_1,MX_C_181,S.C.P.P. INDEPENDENCIA DE AGUA VERDE,SIN,CAMARON DE ESTERO (Penaeus spp.),CAMARON DE ESTERO,Penaeus spp.,Shrimp,106822
180_1,MX_C_180,S.C.P.P. PESCADORES DEL IGUANITO,SIN,CAMARON DE ESTERO (Penaeus spp.),CAMARON DE ESTERO,Penaeus spp.,Shrimp,106822
179_1,MX_C_179,S.C.P.P. PESCADORES DE POTRERILLOS,SIN,CAMARON DE ESTERO (Penaeus spp.),CAMARON DE ESTERO,Penaeus spp.,Shrimp,106822
178_1,MX_C_178,S.C.P.P. PESCADORES DEL EJIDO,SIN,CAMARON DE ESTERO (Penaeus spp.),CAMARON DE ESTERO,Penaeus spp.,Shrimp,106822
95_1,MX_C_095,S.C.P.P. PESCADORES DEL JITO,SIN,CAMARON DE ESTERO (Penaeus spp.),CAMARON DE ESTERO,Penaeus spp.,Shrimp,106822
177_1,MX_C_177,S.C.P.P. PUNTA PODEROSA,SIN,CAMARON DE ESTERO (Penaeus spp.),CAMARON DE ESTERO,Penaeus spp.,Shrimp,106822
176_1,MX_C_176,S.C.P.P. PESCADORES DE VAZQUEZ MORENO,SIN,CAMARON DE ESTERO (Penaeus spp.),CAMARON DE ESTERO,Penaeus spp.,Shrimp,106822
175_1,MX_C_175,S.C.P.P. VICENTE LOMBARDO TOLEDANO,SIN,CAMARON DE ESTERO (Penaeus spp.),CAMARON DE ESTERO,Penaeus spp.,Shrimp,106822
174_1,MX_C_174,S.C.P.P. EJIDO CAJON OJO DE AGUA,SIN,CAMARON DE ESTERO (Penaeus spp.),CAMARON DE ESTERO,Penaeus spp.,Shrimp,106822
173_1,MX_C_173,S.C.P.P. FRATERNIDAD PESQUERA,SIN,CAMARON DE ESTERO (Penaeus spp.),CAMARON DE ESTERO,Penaeus spp.,Shrimp,106822
172_1,MX_C_172,S.C.P.P. MATADERO,SIN,CAMARON DE ESTERO (Penaeus spp.),CAMARON DE ESTERO,Penaeus spp.,Shrimp,106822
171_1,MX_C_171,S.C.P.P. PESCADORES DE LOS POZOS,SIN,CAMARON DE ESTERO (Penaeus spp.),CAMARON DE ESTERO,Penaeus spp.,Shrimp,106822
170_1,MX_C_170,S.C.P.P. PESCADORES DE LA PEDREGOZA,SIN,CAMARON DE ESTERO (Penaeus spp.),CAMARON DE ESTERO,Penaeus spp.,Shrimp,106822
169_1,MX_C_169,S.C.P.P. GENERAL ALVARO OBREGON,SIN,CAMARON DE ESTERO (Penaeus spp.),CAMARON DE ESTERO,Penaeus spp.,Shrimp,106822
168_1,MX_C_168,S.C.P.P. PESCADORES DE LA GUASIMA,SIN,CAMARON DE ESTERO (Penaeus spp.),CAMARON DE ESTERO,Penaeus spp.,Shrimp,106822
94_1,MX_C_094,S.C.P.P. PESCADORES DE LA BAHIA DE MACAPULE,SIN,CAMARON DE ESTERO (Penaeus spp.),CAMARON DE ESTERO,Penaeus spp.,Shrimp,106822
167_1,MX_C_167,S.C.P.P. EJIDO TEODORO BELTRAN,SIN,CAMARON DE ESTERO (Penaeus spp.),CAMARON DE ESTERO,Penaeus spp.,Shrimp,106822
166_1,MX_C_166,S.C.P.P. TEODORO CERVANTES PEREZ,SIN,CAMARON DE ESTERO (Penaeus spp.),CAMARON DE ESTERO,Penaeus spp.,Shrimp,106822
165_1,MX_C_165,S.C.P.P. BOCA DEL RIO CULIACAN,SIN,CAMARON DE ESTERO (Penaeus spp.),CAMARON DE ESTERO,Penaeus spp.,Shrimp,106822
164_1,MX_C_164,S.C.P.P. ENSENADA DE LA PALMA,SIN,CAMARON DE ESTERO (Penaeus spp.),CAMARON DE ESTERO,Penaeus spp.,Shrimp,106822
163_1,MX_C_163,S.C.P.P. BARRA DE PALMITAS,SIN,CAMARON DE ESTERO (Penaeus spp.),CAMARON DE ESTERO,Penaeus spp.,Shrimp,106822
158_1,MX_C_158,S.C.P.P. UNION DE PESCSADORES DEL PUERTO DE ALTATA,SIN,CAMARON DE ESTERO (Penaeus spp.),CAMARON DE ESTERO,Penaeus spp.,Shrimp,106822
155_1,MX_C_155,S.C.P.P. LA NUEVA SINALOENSE,SIN,CAMARON DE ESTERO (Penaeus spp.),CAMARON DE ESTERO,Penaeus spp.,Shrimp,106822
154_1,MX_C_154,S.C.P.P. EJERCITO DEL TRABAJO,SIN,CAMARON DE ESTERO (Penaeus spp.),CAMARON DE ESTERO,Penaeus spp.,Shrimp,106822
153_1,MX_C_153,S.C.P.P. FRENTE PESQUERO,SIN,CAMARON DE ESTERO (Penaeus spp.),CAMARON DE ESTERO,Penaeus spp.,Shrimp,106822
151_1,MX_C_151,S.C.P.P. EJIDO VILLA UNION,SIN,CAMARON DE ESTERO (Penaeus spp.),CAMARON DE ESTERO,Penaeus spp.,Shrimp,106822
93_1,MX_C_093,S.C.P.P. UNION DE PESCADORES DEL RIO DE SINALOA,SIN,CAMARON DE ESTERO (Penaeus spp.),CAMARON DE ESTERO,Penaeus spp.,Shrimp,106822
150_1,MX_C_150,S.C.P.P. PESCADORES DE LA BAHIA DE NAVACHISTE,SIN,CAMARON DE ESTERO (Penaeus spp.),CAMARON DE ESTERO,Penaeus spp.,Shrimp,106822
147_1,MX_C_147,S.C.P.P. PACIOTECOLA,SIN,CAMARON DE ESTERO (Penaeus spp.),CAMARON DE ESTERO,Penaeus spp.,Shrimp,106822
145_1,MX_C_145,S.C.P.P. BORDO COLORADO,SIN,CAMARON DE ESTERO (Penaeus spp.),CAMARON DE ESTERO,Penaeus spp.,Shrimp,106822
144_1,MX_C_144,S.C.P.P. DREN CINCO,SIN,CAMARON DE ESTERO (Penaeus spp.),CAMARON DE ESTERO,Penaeus spp.,Shrimp,106822
143_1,MX_C_143,S.C.P.P. FUERA DE BORDA,SIN,CAMARON DE ESTERO (Penaeus spp.),CAMARON DE ESTERO,Penaeus spp.,Shrimp,106822
142_1,MX_C_142,S.C.P.P. TRANGAL,SIN,CAMARON DE ESTERO (Penaeus spp.),CAMARON DE ESTERO,Penaeus spp.,Shrimp,106822
140_1,MX_C_140,S.C.P.P. IGNACIO SARMIENTO,SIN,CAMARON DE ESTERO (Penaeus spp.),CAMARON DE ESTERO,Penaeus spp.,Shrimp,106822
139_1,MX_C_139,S.C.P.P. ISLA DEL BURRO,SIN,CAMARON DE ESTERO (Penaeus spp.),CAMARON DE ESTERO,Penaeus spp.,Shrimp,106822
136_1,MX_C_136,S.C.P.P. PUNTA DEL GUAYINCARI,SIN,CAMARON DE ESTERO (Penaeus spp.),CAMARON DE ESTERO,Penaeus spp.,Shrimp,106822
135_1,MX_C_135,S.C.P.P. MELECIO TORRES,SIN,CAMARON DE ESTERO (Penaeus spp.),CAMARON DE ESTERO,Penaeus spp.,Shrimp,106822
92_1,MX_C_092,S.C.P.P. EL HUITUSSI,SIN,CAMARON DE ESTERO (Penaeus spp.),CAMARON DE ESTERO,Penaeus spp.,Shrimp,106822
134_1,MX_C_134,S.C.P.P. ESTRELLA DEL NORTE,SIN,CAMARON DE ESTERO (Penaeus spp.),CAMARON DE ESTERO,Penaeus spp.,Shrimp,106822
130_1,MX_C_130,S.C.P.P. LA BALLENA,SIN,CAMARON DE ESTERO (Penaeus spp.),CAMARON DE ESTERO,Penaeus spp.,Shrimp,106822
129_1,MX_C_129,S.C.P.P. BAHIA DE JITZAMURI,SIN,CAMARON DE ESTERO (Penaeus spp.),CAMARON DE ESTERO,Penaeus spp.,Shrimp,106822
128_3,MX_C_128,S.C.P.P. GENERAL LEYVA,SIN,CAMARON DE ESTERO (Penaeus spp.),CAMARON DE ESTERO,Penaeus spp.,Shrimp,106822
127_1,MX_C_127,S.C.P.P. RIO FUERTE,SIN,CAMARON DE ESTERO (Penaeus spp.),CAMARON DE ESTERO,Penaeus spp.,Shrimp,106822
125_1,MX_C_125,S.C.P.P. ISLOTE DEL MERO,SIN,CAMARON DE ESTERO (Penaeus spp.),CAMARON DE ESTERO,Penaeus spp.,Shrimp,106822
124_1,MX_C_124,S.C.P.P. EL CHUNARITO,SIN,CAMARON DE ESTERO (Penaeus spp.),CAMARON DE ESTERO,Penaeus spp.,Shrimp,106822
123_1,MX_C_123,S.C.P.P. ARTURO MONTOYA VELAZQUEZ,SIN,CAMARON DE ESTERO (Penaeus spp.),CAMARON DE ESTERO,Penaeus spp.,Shrimp,106822
122_1,MX_C_122,S.C.P.P. PUNTA DE ZUQUITITA,SIN,CAMARON DE ESTERO (Penaeus spp.),CAMARON DE ESTERO,Penaeus spp.,Shrimp,106822
121_1,MX_C_121,S.C.P.P. PESCADORES DE ANGOSTURA,SIN,CAMARON DE ESTERO (Penaeus spp.),CAMARON DE ESTERO,Penaeus spp.,Shrimp,106822
91_1,MX_C_091,S.C.P.P. PESCADORES UNIDOS DEL CARACOL,SIN,CAMARON DE ESTERO (Penaeus spp.),CAMARON DE ESTERO,Penaeus spp.,Shrimp,106822
120_1,MX_C_120,S.C.P.P. ENSENADA LAS AGUACAPAS,SIN,CAMARON DE ESTERO (Penaeus spp.),CAMARON DE ESTERO,Penaeus spp.,Shrimp,106822
119_1,MX_C_119,S.C.P.P. ENSENADA VACAPORA,SIN,CAMARON DE ESTERO (Penaeus spp.),CAMARON DE ESTERO,Penaeus spp.,Shrimp,106822
118_1,MX_C_118,S.C.P.P. PUNTA DE ACAPULTITA,SIN,CAMARON DE ESTERO (Penaeus spp.),CAMARON DE ESTERO,Penaeus spp.,Shrimp,106822
117_1,MX_C_117,S.C.P.P. NICOLAS ESCARREGA INZUNZA,SIN,CAMARON DE ESTERO (Penaeus spp.),CAMARON DE ESTERO,Penaeus spp.,Shrimp,106822
116_1,MX_C_116,S.C.P.P. COSTA AZUL,SIN,CAMARON DE ESTERO (Penaeus spp.),CAMARON DE ESTERO,Penaeus spp.,Shrimp,106822
115_1,MX_C_115,S.C.P.P. ABELARDO RUBIO CASTRO,SIN,CAMARON DE ESTERO (Penaeus spp.),CAMARON DE ESTERO,Penaeus spp.,Shrimp,106822
114_1,MX_C_114,S.C.P.P. EUGENIO SANCHEZ CUADRAS,SIN,CAMARON DE ESTERO (Penaeus spp.),CAMARON DE ESTERO,Penaeus spp.,Shrimp,106822
113_1,MX_C_113,S.C.P.P. PUNTA DE GUARADON,SIN,CAMARON DE ESTERO (Penaeus spp.),CAMARON DE ESTERO,Penaeus spp.,Shrimp,106822
112_1,MX_C_112,S.C.P.P. RIO EVORA,SIN,CAMARON DE ESTERO (Penaeus spp.),CAMARON DE ESTERO,Penaeus spp.,Shrimp,106822
110_1,MX_C_110,S.C.P.P. RAFAEL ATONDO GARCIA,SIN,CAMARON DE ESTERO (Penaeus spp.),CAMARON DE ESTERO,Penaeus spp.,Shrimp,106822
90_1,MX_C_090,S.C.P.P. JOSE MARIA PEREA,SIN,CAMARON DE ESTERO (Penaeus spp.),CAMARON DE ESTERO,Penaeus spp.,Shrimp,106822
109_1,MX_C_109,S.C.P.P. JOSE ROSARIO VALENZUELA,SIN,CAMARON DE ESTERO (Penaeus spp.),CAMARON DE ESTERO,Penaeus spp.,Shrimp,106822
108_1,MX_C_108,S.C.P.P. BOCA DEL RIO GUASAVE,SIN,CAMARON DE ESTERO (Penaeus spp.),CAMARON DE ESTERO,Penaeus spp.,Shrimp,106822
107_1,MX_C_107,S.C.P.P. BAHIA DE VINORAMA,SIN,CAMARON DE ESTERO (Penaeus spp.),CAMARON DE ESTERO,Penaeus spp.,Shrimp,106822
106_1,MX_C_106,S.C.P.P. ISIDRO CHICUATE LEAL,SIN,CAMARON DE ESTERO (Penaeus spp.),CAMARON DE ESTERO,Penaeus spp.,Shrimp,106822
105_1,MX_C_105,S.C.P.P. LA INFALIBLE,SIN,CAMARON DE ESTERO (Penaeus spp.),CAMARON DE ESTERO,Penaeus spp.,Shrimp,106822
104_1,MX_C_104,S.C.P.P. LA HUITUBIARIA,SIN,CAMARON DE ESTERO (Penaeus spp.),CAMARON DE ESTERO,Penaeus spp.,Shrimp,106822
103_1,MX_C_103,S.C.P.P. FRANCISCO RODRIGUEZ LEAL,SIN,CAMARON DE ESTERO (Penaeus spp.),CAMARON DE ESTERO,Penaeus spp.,Shrimp,106822
102_1,MX_C_102,S.C.P.P. LUCIO RAMIREZ MACHADO,SIN,CAMARON DE ESTERO (Penaeus spp.),CAMARON DE ESTERO,Penaeus spp.,Shrimp,106822
100_1,MX_C_100,S.C.P.P. INICIACION 11 DE JULIO,SIN,CAMARON DE ESTERO (Penaeus spp.),CAMARON DE ESTERO,Penaeus spp.,Shrimp,106822
192_1,MX_C_192,S.C.P.P. BAHIA DE LA ACEITUNA,SON,CAMARON DE ESTERO (Penaeus spp.),CAMARON DE ESTERO,Penaeus spp.,Shrimp,106822
126_1,MX_C_126,S.C.P.P. PROGRESO DE BACOREGUIS,SON,CAMARON DE ESTERO (Penaeus spp.),CAMARON DE ESTERO,Penaeus spp.,Shrimp,106822
191_1,MX_C_191,S.C.P.P. PUNTA COLORADA,SON,CAMARON DE ESTERO (Penaeus spp.),CAMARON DE ESTERO,Penaeus spp.,Shrimp,106822
190_1,MX_C_190,S.C.P.P. PESCADORES DE AGIABAMPO,SON,CAMARON DE ESTERO (Penaeus spp.),CAMARON DE ESTERO,Penaeus spp.,Shrimp,106822
149_1,MX_C_149,S.C.P.P. BAHIA DE LA ACEITUNA,SON,CAMARON DE ESTERO (Penaeus spp.),CAMARON DE ESTERO,Penaeus spp.,Shrimp,106822
148_1,MX_C_148,S.C.P.P. INDIGENAS UNIDOS DE BACOREHUIS,SON,CAMARON DE ESTERO (Penaeus spp.),CAMARON DE ESTERO,Penaeus spp.,Shrimp,106822
146_1,MX_C_146,S.C.P.P. ENSENADA DEL COROBOCHA,SON,CAMARON DE ESTERO (Penaeus spp.),CAMARON DE ESTERO,Penaeus spp.,Shrimp,106822
138_1,MX_C_138,S.C.P.P. PESCADORES AUTENTICOS DEL JITZAMURI,SON,CAMARON DE ESTERO (Penaeus spp.),CAMARON DE ESTERO,Penaeus spp.,Shrimp,106822
137_1,MX_C_137,S.C.P.P. SYLVIA RAMIREZ,SON,CAMARON DE ESTERO (Penaeus spp.),CAMARON DE ESTERO,Penaeus spp.,Shrimp,106822
132_1,MX_C_132,S.C.P.P. BAHIA DE SIALIBOCA,SON,CAMARON DE ESTERO (Penaeus spp.),CAMARON DE ESTERO,Penaeus spp.,Shrimp,106822
211_1,MX_C_211,S.C.P.P. PESCADORES DE CABO ROJO,VER,OSTION AMERICANO (Crassostrea virginica),OSTION AMERICANO,Crassostrea virginica,Eastern Oyster,140657
211_1,MX_C_211,S.C.P.P. PESCADORES DE CABO ROJO,VER,CAMARON (Penaeus spp.),CAMARON,Penaeus spp.,Shrimp,106822
199_1,MX_C_199,S.C.P.P. TAMIAHUA,VER,OSTION AMERICANO (Crassostrea virginica),OSTION AMERICANO,Crassostrea virginica,Eastern Oyster,140657
199_1,MX_C_199,S.C.P.P. TAMIAHUA,VER,CAMARON (Penaeus spp.),CAMARON,Penaeus spp.,Shrimp,106822
199_1,MX_C_199,S.C.P.P. TAMIAHUA,VER,JAIBA (Callinectes spp),JAIBA,Callinectes spp.,Swimming Crab,106921
199_1,MX_C_199,S.C.P.P. TAMIAHUA,VER,CANGREJO AZUL (Cardisoma guanhumi),CANGREJO AZUL,Cardisoma guanhumi,Blue Land Crab,422183
199_1,MX_C_199,S.C.P.P. TAMIAHUA,VER,ESCAMA GENERAL,ESCAMA GENERAL,NA,NA,NA
198_1,MX_C_198,S.C.P.P. OSTIONEROS DE SALADERO,VER,OSTION,OSTION,Crassostrea virginica,Eastern Oyster,140657
196_1,MX_C_196,S.C.P.P. LA HUASTECA VERACRUZANA,VER,OSTION AMERICANO (Crassostrea virginica),OSTION AMERICANO,Crassostrea virginica,Eastern Oyster,140657
196_1,MX_C_196,S.C.P.P. LA HUASTECA VERACRUZANA,VER,CAMARON (Penaeus spp.),CAMARON,Penaeus spp.,Shrimp,106822
196_1,MX_C_196,S.C.P.P. LA HUASTECA VERACRUZANA,VER,ESCAMA ESTUARINA,ESCAMA ESTUARINA,NA,NA,NA
195_1,MX_C_195,S.C.P.P. OSTIONEROS DEL SUR,VER,CAMARON (Penaeus spp.),CAMARON,Penaeus spp.,Shrimp,106822
193_1,MX_C_193,S.C.P.P. PESCADORES DE TAMPICO,VER,OSTION AMERICANO (Crassostrea virginica),OSTION AMERICANO,Crassostrea virginica,Eastern Oyster,140657
193_1,MX_C_193,S.C.P.P. PESCADORES DE TAMPICO,VER,CAMARON (Penaeus spp.),CAMARON,Penaeus spp.,Shrimp,106822
203_1,MX_C_203,S.C.P.P. PESCADORES DE POTRERO MATA CHAVEZ,VER,OSTION AMERICANO (Crassostrea virginica),OSTION AMERICANO,Crassostrea virginica,Eastern Oyster,140657
203_1,MX_C_203,S.C.P.P. PESCADORES DE POTRERO MATA CHAVEZ,VER,CAMARON (Penaeus spp.),CAMARON,Penaeus spp.,Shrimp,106822
203_1,MX_C_203,S.C.P.P. PESCADORES DE POTRERO MATA CHAVEZ,VER,ESCAMA ESTUARINA,ESCAMA ESTUARINA,NA,NA,NA
210_1,MX_C_210,S.C.P.P. MARIA ANTONIETA,VER,ACAMAYA (Macrobrachium spp.),ACAMAYA,Macrobrachium carcinus,Bigclaw River Shrimp,246169
210_1,MX_C_210,S.C.P.P. MARIA ANTONIETA,VER,LANGOSTINO (Macrobrachium carcinus),LANGOSTINO,Macrobrachium carcinus,Bigclaw River Shrimp,246169
210_1,MX_C_210,S.C.P.P. MARIA ANTONIETA,VER,ESCAMA ESTUARINA,ESCAMA ESTUARINA,NA,NA,NA
210_1,MX_C_210,S.C.P.P. MARIA ANTONIETA,VER,CAMARON (Penaeus spp.),CAMARON,Penaeus spp.,Shrimp,106822
209_1,MX_C_209,S.C.P.P. TAMPICO ALTO,VER,OSTION AMERICANO (Crassostrea virginica),OSTION AMERICANO,Crassostrea virginica,Eastern Oyster,140657
209_1,MX_C_209,S.C.P.P. TAMPICO ALTO,VER,CAMARON (Penaeus spp.),CAMARON,Penaeus spp.,Shrimp,106822
209_1,MX_C_209,S.C.P.P. TAMPICO ALTO,VER,ESCAMA ESTUARINA,ESCAMA ESTUARINA,NA,NA,NA
208_1,MX_C_208,S.C.P.P. LAGUNA DE CHILA,VER,ACAMAYA (Macrobrachium spp.),ACAMAYA,Macrobrachium carcinus,Bigclaw River Shrimp,246169
208_1,MX_C_208,S.C.P.P. LAGUNA DE CHILA,VER,CAMARON (Penaeus spp.),CAMARON,Penaeus spp.,Shrimp,106822
208_1,MX_C_208,S.C.P.P. LAGUNA DE CHILA,VER,ESCAMA ESTUARINA,ESCAMA ESTUARINA,NA,NA,NA
206_1,MX_C_206,S.C.P.P. UNICA REGIONAL DE PESCADORES DE VILLA CUAHUTEMOC,VER,CAMARON (Penaeus spp.),CAMARON,Penaeus spp.,Shrimp,106822
206_1,MX_C_206,S.C.P.P. UNICA REGIONAL DE PESCADORES DE VILLA CUAHUTEMOC,VER,ESCAMA ESTUARINA,ESCAMA ESTUARINA,NA,NA,NA
205_1,MX_C_205,S.C.P.P. 21 DE MARZO,VER,OSTION AMERICANO (Crassostrea virginica),OSTION AMERICANO,Crassostrea virginica,Eastern Oyster,140657
204_1,MX_C_204,S.C.P.P. 21 DE MARZO,VER,CAMARON (Penaeus spp.),CAMARON,Penaeus spp.,Shrimp,106822
204_1,MX_C_204,S.C.P.P. 21 DE MARZO,VER,ESCAMA ESTUARINA,ESCAMA ESTUARINA,NA,NA,NA
201_1,MX_C_201,S.C.P.P. PESCADORES UNIDOS DE LA REFORMA,VER,OSTION AMERICANO (Crassostrea virginica),OSTION AMERICANO,Crassostrea virginica,Eastern Oyster,140657
201_1,MX_C_201,S.C.P.P. PESCADORES UNIDOS DE LA REFORMA,VER,CAMARON (Penaeus spp.),CAMARON,Penaeus spp.,Shrimp,106822
201_1,MX_C_201,S.C.P.P. PESCADORES UNIDOS DE LA REFORMA,VER,JAIBA (Callinectes spp),JAIBA,Callinectes spp.,Swimming Crab,106921
201_1,MX_C_201,S.C.P.P. PESCADORES UNIDOS DE LA REFORMA,VER,CANGREJO AZUL (Cardisoma guanhumi),CANGREJO AZUL,Cardisoma guanhumi,Blue Land Crab,422183
201_1,MX_C_201,S.C.P.P. PESCADORES UNIDOS DE LA REFORMA,VER,ESCAMA GENERAL,ESCAMA GENERAL,NA,NA,NA
217_1,MX_C_217,S.C.P.P. PESCADORES UNIDOS DE SAN FELIPE,Y,LANGOSTA DEL CARIBE (Panulirus argus),LANGOSTA DEL CARIBE,Panulirus argus,Caribbean Spiny Lobster,382891
216_1,MX_C_216,S.C.P.P. EL CUYO,Y,LANGOSTA DEL CARIBE (Panulirus argus),LANGOSTA DEL CARIBE,Panulirus argus,Caribbean Spiny Lobster,382891
215_1,MX_C_215,S.C.P.P. MANUEL CEPEDA PERAZA,Y,LANGOSTA DEL CARIBE (Panulirus argus),LANGOSTA DEL CARIBE,Panulirus argus,Caribbean Spiny Lobster,382891
214_1,MX_C_214,S.C.P.P. PESCADORES DE RIO LAGARTOS,Y,LANGOSTA DEL CARIBE (Panulirus argus),LANGOSTA DEL CARIBE,Panulirus argus,Caribbean Spiny Lobster,382891
213_1,MX_C_213,S.C.P.P. PESCADORES DE DZILAM DE BRAVO,Y,LANGOSTA DEL CARIBE (Panulirus argus),LANGOSTA DEL CARIBE,Panulirus argus,Caribbean Spiny Lobster,382891
208_1,MX_C_208,S.C.P.P. LAGUNA DE CHILA,VER,JAIBA (Callinectes spp),JAIBA,Callinectes rathbunae,Sharptooth Swimming Crab,422039
208_1,MX_C_208,S.C.P.P. LAGUNA DE CHILA,VER,JAIBA (Callinectes spp),JAIBA,Callinectes sapidus,Blue Crab,107379
210_1,MX_C_210,S.C.P.P. MARIA ANTONIETA,VER,JAIBA (Callinectes spp),JAIBA,Callinectes rathbunae,Sharptooth Swimming Crab,422039
210_1,MX_C_210,S.C.P.P. MARIA ANTONIETA,VER,JAIBA (Callinectes spp),JAIBA,Callinectes sapidus,Blue Crab,107379
22_1,MX_C_022,S.C.P.P. GENERAL MELITON ALBAÑEZ,BCS,LANGOSTA (Panulirus spp.),LANGOSTA,Panulirus inflatus,Blue Spiny Lobster,382897
22_1,MX_C_022,S.C.P.P. GENERAL MELITON ALBAÑEZ,BCS,LANGOSTA (Panulirus spp.),LANGOSTA,Panulirus interruptus,California Spiny Lobster,382898
25_1,MX_C_025,S.C.P.P. PUERTO SAN CARLOS,BCS,LANGOSTA (Panulirus spp.),LANGOSTA,Panulirus inflatus,Blue Spiny Lobster,382897
25_1,MX_C_025,S.C.P.P. PUERTO SAN CARLOS,BCS,LANGOSTA (Panulirus spp.),LANGOSTA,Panulirus interruptus,California Spiny Lobster,382898
29_1,MX_C_029,S.C.P.P. EJIDAL CADEJE,BCS,LANGOSTA (Panulirus spp.),LANGOSTA,Panulirus inflatus,Blue Spiny Lobster,382897
29_1,MX_C_029,S.C.P.P. EJIDAL CADEJE,BCS,LANGOSTA (Panulirus spp.),LANGOSTA,Panulirus interruptus,California Spiny Lobster,382898
11_1,MX_C_011,S.C.P.P. REGASA NUM. 2,BC,ABULON AMARILLO,ABULON AMARILLO,Haliotis corrugata,Pink Abalone,445308
11_1,MX_C_011,S.C.P.P. REGASA NUM. 2,BC,ABULON AZUL,ABULON AZUL,Haliotis fulgens,Green Abalone,445325
11_1,MX_C_011,S.C.P.P. REGASA NUM. 2,BC,CARACOL PANOCHA,CARACOL PANOCHA,Megastraea undosa,Wavy Turban Snail,528084
11_1,MX_C_011,S.C.P.P. REGASA NUM. 2,BC,ERIZO ROJO,ERIZO ROJO,Mesocentrotus franciscanus,Red Sea Urchin,591102
11_1,MX_C_011,S.C.P.P. REGASA NUM. 2,BC,ERIZO MORADO,ERIZO MORADO,Strongylocentrotus purpuratus,Purple Sea Urchin,240747
11_1,MX_C_011,S.C.P.P. REGASA NUM. 2,BC,LANGOSTA ROJA,LANGOSTA ROJA,Panulirus interruptus,California Spiny Lobster,382898
11_1,MX_C_011,S.C.P.P. REGASA NUM. 2,BC,ALGAS MARINAS,ALGAS MARINAS,Gelidium,Red Algae,144135
11_1,MX_C_011,S.C.P.P. REGASA NUM. 2,BC,SARGAZO ROJO,SARGAZO ROJO,Gelidium robustum,Red Algae,372718
17_1,MX_C_017,S.C.P.P. BUZOS Y PESCADORES DE LA BAJA CALIFORNIA,BCS,ABULON AMARILLO,ABULON AMARILLO,Haliotis corrugata,Pink Abalone,445308
17_1,MX_C_017,S.C.P.P. BUZOS Y PESCADORES DE LA BAJA CALIFORNIA,BCS,ABULON AZUL,ABULON AZUL,Haliotis fulgens,Green Abalone,445325
17_1,MX_C_017,S.C.P.P. BUZOS Y PESCADORES DE LA BAJA CALIFORNIA,BCS,CARACOL PANOCHA,CARACOL PANOCHA,Megastraea undosa,Wavy Turban Snail,528084
17_1,MX_C_017,S.C.P.P. BUZOS Y PESCADORES DE LA BAJA CALIFORNIA,BCS,LANGOSTA ROJA,LANGOSTA ROJA,Panulirus interruptus,California Spiny Lobster,382898
17_1,MX_C_017,S.C.P.P. BUZOS Y PESCADORES DE LA BAJA CALIFORNIA,BCS,SARGAZO ROJO,SARGAZO ROJO,Gelidium robustum,Red Algae,372718
20_1,MX_C_020,S.C.P.P. BAHIA TORTUGAS,BCS,ABULON AZUL,ABULON AZUL,Haliotis fulgens,Green Abalone,445325
20_1,MX_C_020,S.C.P.P. BAHIA TORTUGAS,BCS,CARACOL PANOCHA,CARACOL PANOCHA,Megastraea undosa,Wavy Turban Snail,528084
20_1,MX_C_020,S.C.P.P. BAHIA TORTUGAS,BCS,LANGOSTA ROJA,LANGOSTA ROJA,Panulirus interruptus,California Spiny Lobster,382898
20_1,MX_C_020,S.C.P.P. BAHIA TORTUGAS,BCS,PULPO,PULPO,Octopus vulgaris,Common Octopus,140605
20_1,MX_C_020,S.C.P.P. BAHIA TORTUGAS,BCS,SARGAZO ROJO,SARGAZO ROJO,Gelidium robustum,Red Algae,372718
212_1,MX_C_212,S.C.P.P. PROGRESO DE PRODUCCION PESQUERA,BCS,ABULON AMARILLO,ABULON AMARILLO,Haliotis corrugata,Pink Abalone,445308
212_1,MX_C_212,S.C.P.P. PROGRESO DE PRODUCCION PESQUERA,BCS,ABULON AZUL,ABULON AZUL,Haliotis fulgens,Green Abalone,445325
212_1,MX_C_212,S.C.P.P. PROGRESO DE PRODUCCION PESQUERA,BCS,CARACOL PANOCHA,CARACOL PANOCHA,Megastraea undosa,Wavy Turban Snail,528084
212_1,MX_C_212,S.C.P.P. PROGRESO DE PRODUCCION PESQUERA,BCS,LANGOSTA ROJA,LANGOSTA ROJA,Panulirus interruptus,California Spiny Lobster,382898
212_1,MX_C_212,S.C.P.P. PROGRESO DE PRODUCCION PESQUERA,BCS,LANGOSTA AZUL,LANGOSTA AZUL,Panulirus inflatus,Blue Spiny Lobster,382897
212_1,MX_C_212,S.C.P.P. PROGRESO DE PRODUCCION PESQUERA,BCS,PULPO,PULPO,Octopus vulgaris,Common Octopus,140605
30_1,MX_C_030,S.C.P.P. PUNTA ABREOJOS,BCS,ABULON AZUL,ABULON AZUL,Haliotis fulgens,Green Abalone,445325
30_1,MX_C_030,S.C.P.P. PUNTA ABREOJOS,BCS,CARACOL PANOCHA,CARACOL PANOCHA,Megastraea undosa,Wavy Turban Snail,528084
30_1,MX_C_030,S.C.P.P. PUNTA ABREOJOS,BCS,LANGOSTA ROJA,LANGOSTA ROJA,Panulirus interruptus,California Spiny Lobster,382898
30_1,MX_C_030,S.C.P.P. PUNTA ABREOJOS,BCS,LANGOSTA AZUL,LANGOSTA AZUL,Panulirus inflatus,Blue Spiny Lobster,382897
30_1,MX_C_030,S.C.P.P. PUNTA ABREOJOS,BCS,PULPO,PULPO,Octopus vulgaris,Common Octopus,140605
6_1,MX_C_006,S.C.P.P. PESCADORES NACIONALES DE ABULON,BCS,ABULON AMARILLO,ABULON AMARILLO,Haliotis corrugata,Pink Abalone,445308
6_1,MX_C_006,S.C.P.P. PESCADORES NACIONALES DE ABULON,BCS,ABULON AZUL,ABULON AZUL,Haliotis fulgens,Green Abalone,445325
6_1,MX_C_006,S.C.P.P. PESCADORES NACIONALES DE ABULON,BCS,CARACOL PANOCHA,CARACOL PANOCHA,Megastraea undosa,Wavy Turban Snail,528084
6_1,MX_C_006,S.C.P.P. PESCADORES NACIONALES DE ABULON,BCS,LANGOSTA ROJA,LANGOSTA ROJA,Panulirus interruptus,California Spiny Lobster,382898
